dataset,architecture,profile_group,status,report_path,error_count,errors,endpoint_count,pair_count,source_report_sha256,linear_midpoint_max_loss_error,linear_midpoint_max_accuracy_error,bezier_midpoint_max_loss_error,bezier_midpoint_max_accuracy_error,linear_test_barrier_mean,aligned_test_barrier_mean,repaired_test_barrier_mean,bezier_test_barrier_mean,aligned_bezier_test_barrier_mean,repaired_bezier_test_barrier_mean
Cora,gcn,reused_tuned,passed,/home/wge3/ms_thesis/.worktrees/gnn-repair/gcn_bezier_conn/runs/six-methods-20260929/analysis/Cora/gcn/report.json,0,,6,3,d32b5471a0b7e0350a55bd9abb3dc43e1081fcaa3c36873010b63ac60098a77b,5.960464477539063e-08,0.0,5.960464477539063e-08,0.0,0.5586763699849446,0.009332473079363504,0.0,0.8581520915031433,0.9959562768538793,0.20338403085867562
Cora,mlp,reused_tuned,passed,/home/wge3/ms_thesis/.worktrees/gnn-repair/gcn_bezier_conn/runs/six-methods-20260929/analysis/Cora/mlp/report.json,0,,6,3,d630fc28e971053b548e50bf8c3910fed5f02acbb8b1907d2e65a1c9230187a1,0.0,0.0,0.0,0.0,0.23934774994850164,0.0007743159929911592,0.0,1.3410488526026407,1.9768335819244385,0.010147311290105154
Cora,graphsage,reused_tuned,passed,/home/wge3/ms_thesis/.worktrees/gnn-repair/gcn_bezier_conn/runs/six-methods-20260929/analysis/Cora/graphsage/report.json,0,,6,3,fbceb99468b034cfb173105f0839645d46ae5fea83539301bcb5b5757b9be888,5.960464477539063e-08,0.0,1.1920928955078125e-07,0.0,0.4922406603892644,0.013004407286643982,0.0,1.2428936660289764,1.7195398459831874,0.04311161239941915
Cora,gat,reused_tuned,passed,/home/wge3/ms_thesis/.worktrees/gnn-repair/gcn_bezier_conn/runs/six-methods-20260929/analysis/Cora/gat/report.json,0,,6,3,21b566b7d661417756a75d2fb396e0d9b4fc0c628fa29b6ca10a61a9c8953325,5.960464477539063e-08,0.0,1.1920928955078125e-07,0.0,0.4997508356968562,0.018945387999216707,0.0,1.6889367034037908,2.7510392010211944,0.21048235098520918
Roman-empire,gcn,reused_tuned,passed,/home/wge3/ms_thesis/.worktrees/gnn-repair/gcn_bezier_conn/runs/six-methods-20260929/analysis/Roman-empire/gcn/report.json,0,,6,3,dcc70901e69dcf4272da3b3dd237b77f331bc619fc2cb655006f713d43507526,5.960464477539063e-08,0.0,5.960464477539063e-08,0.0,1.8679765164852142,0.06775079170862834,0.10939565300941467,0.09488179236650468,0.0179443712035815,0.02395200779040657
Roman-empire,mlp,reused_tuned,passed,/home/wge3/ms_thesis/.worktrees/gnn-repair/gcn_bezier_conn/runs/six-methods-20260929/analysis/Roman-empire/mlp/report.json,0,,6,3,37964d77c80d4e398ebd9af676e259f596621aff2501af708beef0d94fe9de37,0.0,0.0,0.0,0.0,1.2359489798545837,0.04611581563949585,0.05238570769627889,0.19156259695688882,0.09677892923355103,0.1005125641822815
Roman-empire,graphsage,reused_tuned,passed,/home/wge3/ms_thesis/.worktrees/gnn-repair/gcn_bezier_conn/runs/six-methods-20260929/analysis/Roman-empire/graphsage/report.json,0,,6,3,f23e69c3999dbbafbfb2d664fe7ff276b6dc000664e9be87bde547eedf8f9b6b,5.960464477539063e-08,0.0,5.960464477539063e-08,0.0,1.6834687640269597,0.09770434101422627,0.10844897230466206,0.05356306632359822,0.01073151131470997,0.009972886741161332
Roman-empire,gat,reused_tuned,passed,/home/wge3/ms_thesis/.worktrees/gnn-repair/gcn_bezier_conn/runs/six-methods-20260929/analysis/Roman-empire/gat/report.json,0,,6,3,88a3335068f5edeff68cc7a71e7fbac2d6752f08e9d684189ac266b67ec222b0,2.384185791015625e-07,0.0,5.960464477539063e-08,0.0,4.766900134086609,0.8651627620061239,0.8939875463644663,0.0,0.0,0.0
squirrel,gcn,reused_tuned,passed,/home/wge3/ms_thesis/.worktrees/gnn-repair/gcn_bezier_conn/runs/six-methods-20260929/analysis/squirrel/gcn/report.json,0,,6,3,8e239717c19ee51f47e7b1c031015c3e3b4447339757f8e823de6491308ff9ad,1.1920928955078125e-07,0.0,4.76837158203125e-07,0.0,0.0,0.029135862986246746,0.03427590131759647,3.7396571238835654,4.042212009429932,2.5881370504697165
squirrel,mlp,reused_tuned,passed,/home/wge3/ms_thesis/.worktrees/gnn-repair/gcn_bezier_conn/runs/six-methods-20260929/analysis/squirrel/mlp/report.json,0,,6,3,ce9de8cc5704cd707c686c0b3ac40168c7e273b7bbe46de470b67b73eaf8d986,0.0,0.0,0.0,0.0,0.020777293046315554,0.006473700205485026,0.006114151080449437,1.4104609489440918,1.7373013496398926,1.2579448223114014
squirrel,graphsage,reused_tuned,passed,/home/wge3/ms_thesis/.worktrees/gnn-repair/gcn_bezier_conn/runs/six-methods-20260929/analysis/squirrel/graphsage/report.json,0,,6,3,352674a4b8c3fa454ca057aa41cac30cca8171c7458403172f1400d232ee45d5,1.1920928955078125e-07,0.0,9.313225746154785e-10,0.0,0.004923234383265178,0.00337760845820112,0.002326460679372181,4.387495994567871,4.095905760924022,2.9185151855150857
squirrel,gat,reused_tuned,passed,/home/wge3/ms_thesis/.worktrees/gnn-repair/gcn_bezier_conn/runs/six-methods-20260929/analysis/squirrel/gat/report.json,0,,6,3,7da1698c040fba8059b59c8b60d1106e7e1866b86978adae84abe4fd6d4473a1,1.1920928955078125e-07,0.0,4.76837158203125e-07,0.0,0.03183279434839884,0.04170084794362383,0.043391036987304656,4.748834331830342,4.69145800669988,3.120526953538259
chameleon,gcn,reused_tuned,passed,/home/wge3/ms_thesis/.worktrees/gnn-repair/gcn_bezier_conn/runs/six-methods-20260929/analysis/chameleon/gcn/report.json,0,,6,3,4f5b1eee75d919ce5619ed833df3a81b5cf09d57295895684d3bd183274e1e39,4.76837158203125e-07,0.0,5.960464477539063e-08,0.0,0.0,0.0,0.0,1.8330863793691001,4.444016440709432,2.6042845567067463
chameleon,mlp,reused_tuned,passed,/home/wge3/ms_thesis/.worktrees/gnn-repair/gcn_bezier_conn/runs/six-methods-20260929/analysis/chameleon/mlp/report.json,0,,6,3,139eee9d945efa459c8df48b1665270a134d87bd73a12751abe761caa8cd6c51,0.0,0.0,0.0,0.0,0.07608813047409058,0.0006947716077168783,0.0,31.6118918855985,35.921006977558136,0.10479544997215269
chameleon,graphsage,reused_tuned,passed,/home/wge3/ms_thesis/.worktrees/gnn-repair/gcn_bezier_conn/runs/six-methods-20260929/analysis/chameleon/graphsage/report.json,0,,6,3,d3a36119e92c2432fb3aa1314b8b01c6e952e64c411f758ee5a2a31495d13367,1.1920928955078125e-07,0.0,2.384185791015625e-07,0.0,0.03307251930236813,0.0032871166865030923,0.0033875306447347007,1.2504918018976847,1.5213584939638773,0.8761480490366618
chameleon,gat,reused_tuned,passed,/home/wge3/ms_thesis/.worktrees/gnn-repair/gcn_bezier_conn/runs/six-methods-20260929/analysis/chameleon/gat/report.json,0,,6,3,15b74cf5496415957328ef7eb11d8d108d857c06f36258c565c1486698e57b86,0.0,0.0,4.76837158203125e-07,0.0,0.01642240087191264,0.0,0.0025766770044963008,3.9959394097328187,3.9462844649950664,2.5569935917854307
Questions,gcn,pinned_source_profile,passed,/home/wge3/ms_thesis/.worktrees/gnn-repair/gcn_bezier_conn/runs/six-methods-20260929/analysis/Questions/gcn/report.json,0,,6,3,43efe0e77600d8981982a9efa0d96f7c2ec2ce515b4ff28ed7842a16a7a720cf,5.960464477539063e-08,0.0,0.0,0.0,0.024217379093170194,0.01523671448230742,0.004571149746576945,1.2945972234010696,0.0,0.0
Questions,mlp,pinned_source_profile,passed,/home/wge3/ms_thesis/.worktrees/gnn-repair/gcn_bezier_conn/runs/six-methods-20260929/analysis/Questions/mlp/report.json,0,,6,3,c4a194b5dc39a7bc9ea81af84f19d062abae21ec9a3c4830944b7cf54d8b0799,0.0,0.0,0.0,0.0,0.006817975640296958,0.002766023079554203,0.0006540437539418464,0.0,0.0,0.0
Questions,graphsage,pinned_source_profile,passed,/home/wge3/ms_thesis/.worktrees/gnn-repair/gcn_bezier_conn/runs/six-methods-20260929/analysis/Questions/graphsage/report.json,0,,6,3,5eae31a119f798c54420505b0c17cea073b4cebb70d0cd0e62997dc5286abf67,2.9802322387695312e-08,0.0,0.0,0.0,0.35481254234910015,0.1671007255713145,0.04630404983957607,0.0,0.0,0.006131586929162343
Questions,gat,pinned_source_profile,passed,/home/wge3/ms_thesis/.worktrees/gnn-repair/gcn_bezier_conn/runs/six-methods-20260929/analysis/Questions/gat/report.json,0,,6,3,25c9c0ec8701a97faad97774293a222407f49234167aadf01cc6ec5a5a4f56a7,2.9802322387695312e-08,0.0,2.9802322387695312e-08,0.0,0.12140184094508488,0.11665001759926481,0.026453123490015662,0.0,0.0,0.0
computers,gcn,pinned_source_profile,passed,/home/wge3/ms_thesis/.worktrees/gnn-repair/gcn_bezier_conn/runs/six-methods-20260929/analysis/computers/gcn/report.json,0,,6,3,56f2084a5658f9c635e125536d84e928724e80b80a269ff018ddfb73f1a055cb,2.9802322387695312e-08,0.0,5.960464477539063e-08,0.0,0.31318869193394977,0.021133111417293533,0.0133182813723882,0.3268960138161977,0.015507201850414265,0.16142174502213794
computers,mlp,pinned_source_profile,passed,/home/wge3/ms_thesis/.worktrees/gnn-repair/gcn_bezier_conn/runs/six-methods-20260929/analysis/computers/mlp/report.json,0,,6,3,f937b41018b733c812d14543dcfd5138580daaf294776f9d9ee613225313170d,0.0,0.0,0.0,0.0,0.4494190454483032,0.034466518958409686,0.014326078693072045,0.0,0.0,0.032796770334243774
computers,graphsage,pinned_source_profile,passed,/home/wge3/ms_thesis/.worktrees/gnn-repair/gcn_bezier_conn/runs/six-methods-20260929/analysis/computers/graphsage/report.json,0,,6,3,7440ad30981d02466787d6164e462aa5f898da351cbacbf6355798db94193f75,1.4901161193847656e-08,0.0,2.9802322387695312e-08,0.0,0.4879481742779414,0.048040871818860374,0.03773191223541894,0.26901654998461405,0.045157723128795645,0.03478523443142575
computers,gat,pinned_source_profile,passed,/home/wge3/ms_thesis/.worktrees/gnn-repair/gcn_bezier_conn/runs/six-methods-20260929/analysis/computers/gat/report.json,0,,6,3,9aea0e2e6aed8da375330281ec8d4f8e29242f8fe02d695ad80aa0aa29591479,1.4901161193847656e-08,0.0,2.9802322387695312e-08,0.0,0.3605208446582158,0.04984868069489797,0.04480409622192383,0.11529837499062219,0.011189606785774223,0.022502573827902477
photo,gcn,pinned_source_profile,passed,/home/wge3/ms_thesis/.worktrees/gnn-repair/gcn_bezier_conn/runs/six-methods-20260929/analysis/photo/gcn/report.json,0,,6,3,3746d2c8349d4deb55afd6c11e19439c1f0ba3ebf232600611da5fe71873d1cd,2.9802322387695312e-08,0.0,1.1920928955078125e-07,0.0,0.24592906733353934,0.02043398842215538,0.012930540988842646,1.7449226481219133,0.3478361777961254,0.470066599547863
photo,mlp,pinned_source_profile,passed,/home/wge3/ms_thesis/.worktrees/gnn-repair/gcn_bezier_conn/runs/six-methods-20260929/analysis/photo/mlp/report.json,0,,6,3,86346ced0394ff26d2a85fb85d5e67164cc4c6aee6a922db35e4d091ba2a0ff0,0.0,0.0,0.0,0.0,0.0,0.029327288269996643,0.015985290209452312,0.006002199649810784,0.0,0.0
photo,graphsage,pinned_source_profile,passed,/home/wge3/ms_thesis/.worktrees/gnn-repair/gcn_bezier_conn/runs/six-methods-20260929/analysis/photo/graphsage/report.json,0,,6,3,9654fdee109a3de79f8c3879765fcf66fde4a453b56c6ab8279f8a6634955655,1.4901161193847656e-08,0.0,2.9802322387695312e-08,0.0,0.7274040758609772,0.03270490715901057,0.018041020631790156,0.7017976338664691,0.03467036833365759,0.0970391628642877
photo,gat,pinned_source_profile,passed,/home/wge3/ms_thesis/.worktrees/gnn-repair/gcn_bezier_conn/runs/six-methods-20260929/analysis/photo/gat/report.json,0,,6,3,4b4b34e052ed7da273180a002be66255dce185cf43d9453d3a73624c464b32c7,2.9802322387695312e-08,0.0,2.9802322387695312e-08,0.0,0.24367895498871803,0.008658889184395474,0.003927206993103023,0.010640009492635735,0.026911818236112595,0.010489359994729358
Citeseer,gcn,pinned_source_profile,passed,/home/wge3/ms_thesis/.worktrees/gnn-repair/gcn_bezier_conn/runs/six-methods-20260929/analysis/Citeseer/gcn/report.json,0,,6,3,64f2d5e8e2aa78c50be601fd95fb42db549f4c8b06294fd538abf340dff333bf,0.0,0.0,0.0,0.0,0.0,3.860394160041618e-06,6.938576698312104e-05,16.98101834456126,19.024866382280987,0.0005428016185760054
Citeseer,mlp,pinned_source_profile,passed,/home/wge3/ms_thesis/.worktrees/gnn-repair/gcn_bezier_conn/runs/six-methods-20260929/analysis/Citeseer/mlp/report.json,0,,6,3,dd24bfd0301afcfad29a3aa06a4fc720e2cd53fe1310bc8d783335ce046565bc,0.0,0.0,0.0,0.0,0.00016887585322063656,4.567702611287435e-05,6.198684374495815e-05,20.807210564613342,18.690173745155334,0.0
Citeseer,graphsage,pinned_source_profile,passed,/home/wge3/ms_thesis/.worktrees/gnn-repair/gcn_bezier_conn/runs/six-methods-20260929/analysis/Citeseer/graphsage/report.json,0,,6,3,e5fc62faaf74c64439e94fdbdcc8ed5c9e99f9fb64b10561694c2f8765ee9017,0.0,0.0,0.0,0.0,0.00015272696812947592,0.0001427471637724942,0.00011212229728700211,118.0145955880483,368.20002547899884,0.01453802585601808
Citeseer,gat,pinned_source_profile,passed,/home/wge3/ms_thesis/.worktrees/gnn-repair/gcn_bezier_conn/runs/six-methods-20260929/analysis/Citeseer/gat/report.json,0,,6,3,a1f957bfd367318f35269fd7f91803d30acddd0a9447fe2cfc7908241089a894,1.1920928955078125e-07,0.0,0.0,0.0,0.00019485950469973665,8.368889490761866e-05,0.00014767249425255238,59.93290948867798,54.0474279721578,0.028037414948145562
Pubmed,gcn,pinned_source_profile,passed,/home/wge3/ms_thesis/.worktrees/gnn-repair/gcn_bezier_conn/runs/six-methods-20260929/analysis/Pubmed/gcn/report.json,0,,6,3,8303e89993a6859b557f1e3c1871418c205f711bf79cdb4c62a49d0b0d690d16,5.960464477539063e-08,0.0,5.960464477539063e-08,0.0,0.061996916929880776,0.0,0.005836397409439087,0.8487090905507405,1.2956307629744213,0.2963693509499232
Pubmed,mlp,pinned_source_profile,passed,/home/wge3/ms_thesis/.worktrees/gnn-repair/gcn_bezier_conn/runs/six-methods-20260929/analysis/Pubmed/mlp/report.json,0,,6,3,95123f2d9ecd0eed870a2ee2b6d468b31f750b31c48f04d3aed41fe713c65cc0,0.0,0.0,0.0,0.0,0.0,0.0,0.0,1.2301789075136185,2.6840662558873496,0.26247096061706543
Pubmed,graphsage,pinned_source_profile,passed,/home/wge3/ms_thesis/.worktrees/gnn-repair/gcn_bezier_conn/runs/six-methods-20260929/analysis/Pubmed/graphsage/report.json,0,,6,3,35d1fcb8efaa3099bff2141f5f473dcafadb4c864f68134856426440ea806570,0.0,0.0,2.384185791015625e-07,0.0,0.0,0.0,0.0,7.168305136760076,5.810341954231262,0.01837241848309838
Pubmed,gat,pinned_source_profile,passed,/home/wge3/ms_thesis/.worktrees/gnn-repair/gcn_bezier_conn/runs/six-methods-20260929/analysis/Pubmed/gat/report.json,0,,6,3,1b2d1dfebc7bc2892fb24f91f34a7ede1304f3f30058f3aa51b320a47d560887,1.1920928955078125e-07,0.0,3.725290298461914e-09,0.0,0.0,0.0,0.0474827080965042,1.4733225007851918,3.7083460410435993,0.34482949773470556
actor,gcn,local_fallback,passed,/home/wge3/ms_thesis/.worktrees/gnn-repair/gcn_bezier_conn/runs/six-methods-20260929/analysis/actor/gcn/report.json,0,,6,3,5dc759965f161f0f8e1efed41dc2a0e71ef57cd09a3c1fad505339a4eb7ac67e,0.0,0.0,0.0,0.0,0.008165081342061361,0.0008313834667205514,0.0007359762986500762,1.1111236413319905,1.164552927017212,0.23658589522043863
actor,mlp,local_fallback,passed,/home/wge3/ms_thesis/.worktrees/gnn-repair/gcn_bezier_conn/runs/six-methods-20260929/analysis/actor/mlp/report.json,0,,6,3,2b3130a0b67be80aa78022a045261a8c16e26035201b01e8c938d3bd3cd21eb4,0.0,0.0,0.0,0.0,0.044469197591145836,0.0,0.0,1.541032354036967,1.663335144519806,0.4629001021385193
actor,graphsage,local_fallback,passed,/home/wge3/ms_thesis/.worktrees/gnn-repair/gcn_bezier_conn/runs/six-methods-20260929/analysis/actor/graphsage/report.json,0,,6,3,5dff9794c3bc8589dd97df1d644cb2efb0e3967feccdd9bad153d01afd957ff1,0.0,0.0,0.0,0.0,0.048664629459381104,0.0,0.0,3.0606525937716165,3.276776929696401,0.5822444558143616
actor,gat,local_fallback,passed,/home/wge3/ms_thesis/.worktrees/gnn-repair/gcn_bezier_conn/runs/six-methods-20260929/analysis/actor/gat/report.json,0,,6,3,9068b6594635a13859ee64f8d991dac880dc65a9e60f077c8fc6978e07b89790,0.0,0.0,1.1920928955078125e-07,0.0,0.0,0.0,0.0,1.1455528338750203,0.9839905500411987,0.08075500726699825
texas,gcn,local_fallback,passed,/home/wge3/ms_thesis/.worktrees/gnn-repair/gcn_bezier_conn/runs/six-methods-20260929/analysis/texas/gcn/report.json,0,,6,3,e2cfc88d2636c3c176f6a2ee83d2394dece6f4e3207a06d130409e854c910cda,1.1920928955078125e-07,0.0,2.384185791015625e-07,0.0,0.01734595100084942,0.0,0.0,2.644837975502014,2.2995596329371133,0.820473869641622
texas,mlp,local_fallback,passed,/home/wge3/ms_thesis/.worktrees/gnn-repair/gcn_bezier_conn/runs/six-methods-20260929/analysis/texas/mlp/report.json,0,,6,3,658e62b9c1e2a8a5aadd0956d5671c05a75237a56fddcf910f5846f82193e697,0.0,0.0,0.0,0.0,0.06624863743782043,0.02182820936044057,0.003543414672215787,1.4547706782817842,2.1081159050265947,0.17567681173483526
texas,graphsage,local_fallback,passed,/home/wge3/ms_thesis/.worktrees/gnn-repair/gcn_bezier_conn/runs/six-methods-20260929/analysis/texas/graphsage/report.json,0,,6,3,cf6fced5fbf138f9e5ae7b83a9110bc71ca3006a322a78c4472a148cdea056b6,0.0,0.0,5.960464477539063e-08,0.0,0.2999519457419713,0.0016188090046246884,0.001505756378173832,1.0498523677388827,1.6534697661797206,0.11546300103267033
texas,gat,local_fallback,passed,/home/wge3/ms_thesis/.worktrees/gnn-repair/gcn_bezier_conn/runs/six-methods-20260929/analysis/texas/gat/report.json,0,,6,3,69434671facf270ff9585ee8ad0eecff255265bf48924b17b072dcaacd0484fc,0.0,0.0,1.1920928955078125e-07,0.0,0.0,0.0,0.0,1.6375500937302907,1.5626127123832703,0.0
cornell,gcn,local_fallback,passed,/home/wge3/ms_thesis/.worktrees/gnn-repair/gcn_bezier_conn/runs/six-methods-20260929/analysis/cornell/gcn/report.json,0,,6,3,ed10004eb91bff3f04b0884dfbb2b42598bea2dd8152b4050613143128b85646,0.0,0.0,0.0,0.0,0.0,0.0,0.0,4.079468687375386,3.4353219270706177,0.25293785532315566
cornell,mlp,local_fallback,passed,/home/wge3/ms_thesis/.worktrees/gnn-repair/gcn_bezier_conn/runs/six-methods-20260929/analysis/cornell/mlp/report.json,0,,6,3,eec9fde8fa34ff0acf740deec2c3f4d437ff30ad80b40c108a738b5c578c50e0,0.0,0.0,0.0,0.0,0.1275218427181244,0.03248726030190785,0.028490855296452827,0.9748114844163259,0.9559874435265859,0.028844128052393597
cornell,graphsage,local_fallback,passed,/home/wge3/ms_thesis/.worktrees/gnn-repair/gcn_bezier_conn/runs/six-methods-20260929/analysis/cornell/graphsage/report.json,0,,6,3,b6a5a35b840df94f2bf11891c3558062ea0f9ade689d887ac5b42f7a856b6f27,1.1920928955078125e-07,0.0,0.0,0.0,0.0040993312994639375,0.0,0.0,1.6291271964708964,2.2656701525052387,0.3337864398956299
cornell,gat,local_fallback,passed,/home/wge3/ms_thesis/.worktrees/gnn-repair/gcn_bezier_conn/runs/six-methods-20260929/analysis/cornell/gat/report.json,0,,6,3,df7af58db2f84601fd22ee03add309c6518458b2421457402391cb2321f29815,0.0,0.0,1.1920928955078125e-07,0.0,0.0,0.0,0.00073203444480896,2.5662548740704856,2.173748771349589,0.10341667135556538
Amazon-ratings,gcn,pinned_source_profile,passed,/home/wge3/ms_thesis/.worktrees/gnn-repair/gcn_bezier_conn/runs/six-methods-20260929/analysis/Amazon-ratings/gcn/report.json,0,,6,3,70099e82e1c71903bd18cd5d1193f8677cf454a843c1855c4fcd11da05ed50ef,2.384185791015625e-07,0.0,0.0,0.0,0.0,0.0,0.0,0.0,0.0,0.0
Amazon-ratings,mlp,pinned_source_profile,passed,/home/wge3/ms_thesis/.worktrees/gnn-repair/gcn_bezier_conn/runs/six-methods-20260929/analysis/Amazon-ratings/mlp/report.json,0,,6,3,98a988c9d985739577f3a90c8e515b7eea07130e7812e97e2a575dd2300155cc,0.0,0.0,0.0,0.0,0.0,0.19320343335469561,0.2603557745615641,0.7009364604949951,0.7921276609102885,1.580458148320516
Amazon-ratings,graphsage,pinned_source_profile,passed,/home/wge3/ms_thesis/.worktrees/gnn-repair/gcn_bezier_conn/runs/six-methods-20260929/analysis/Amazon-ratings/graphsage/report.json,0,,6,3,ddc3d270b744f82f519e26e9e8e9313bbb6fecb704bb9e5dd3dd5b22519c0617,2.384185791015625e-07,0.0,2.384185791015625e-07,0.0,0.0008250077565511068,0.1603407184282938,0.14759425719579058,0.12667224208513886,0.2568959017594656,0.44423303604125985
Amazon-ratings,gat,pinned_source_profile,passed,/home/wge3/ms_thesis/.worktrees/gnn-repair/gcn_bezier_conn/runs/six-methods-20260929/analysis/Amazon-ratings/gat/report.json,0,,6,3,df343a55097b41c204fdf56ea4937c13d4bd5691495bb52e37f6e7e6b6df787e,4.76837158203125e-07,0.0,4.76837158203125e-07,0.0,0.0,0.11525970896085107,0.178228243192037,0.6144433339436849,0.7262247443199158,1.0128405968348184
Minesweeper,gcn,pinned_source_profile,passed,/home/wge3/ms_thesis/.worktrees/gnn-repair/gcn_bezier_conn/runs/six-methods-20260929/analysis/Minesweeper/gcn/report.json,0,,6,3,9dbb6ef3e0fdd0ab75c99b467a607103596527c1a0852720d9a51a978e0fac95,5.960464477539063e-08,0.0,2.9802322387695312e-08,0.0,0.6720838325719038,0.0836688570678234,0.09066423252224921,0.0,0.003946875780820841,0.003615595897038776
Minesweeper,mlp,pinned_source_profile,passed,/home/wge3/ms_thesis/.worktrees/gnn-repair/gcn_bezier_conn/runs/six-methods-20260929/analysis/Minesweeper/mlp/report.json,0,,6,3,9d822548d422960e3bc058140b21f04321c911fe012f1747786b1e465da4f90f,0.0,0.0,0.0,0.0,0.026560116807619716,0.005484849214553833,0.0063236574331919275,0.07104519804318747,0.05520310699939727,0.10792879064877829
Minesweeper,graphsage,pinned_source_profile,passed,/home/wge3/ms_thesis/.worktrees/gnn-repair/gcn_bezier_conn/runs/six-methods-20260929/analysis/Minesweeper/graphsage/report.json,0,,6,3,9e61bc88df6df759f6976d97ee9ed9d0793180864af30c5e194a0af8ad1286ba,2.9802322387695312e-08,0.0,2.9802322387695312e-08,0.0,0.9285143688321114,0.093103905270497,0.10229964032769202,0.007942904780308402,0.005031690249840422,0.0060457197328408485
Minesweeper,gat,pinned_source_profile,passed,/home/wge3/ms_thesis/.worktrees/gnn-repair/gcn_bezier_conn/runs/six-methods-20260929/analysis/Minesweeper/gat/report.json,0,,6,3,f2c59f442b49243226e5e2458df08833733952dff967f00070e3c9f70e17c9eb,5.960464477539063e-08,0.0,1.4901161193847656e-08,0.0,0.5866099620858828,0.24558071941137313,0.26114498501022654,0.0029731417695681253,0.000621273616949719,0.001411197582880654
Tolokers,gcn,local_fallback,passed,/home/wge3/ms_thesis/.worktrees/gnn-repair/gcn_bezier_conn/runs/six-methods-20260929/analysis/Tolokers/gcn/report.json,0,,6,3,3be7cbe6cb6b39a5546697441b8fee5c1f486f81192136828d78ea692189aae2,0.0,0.0,2.9802322387695312e-08,0.0,0.036529481410980225,0.0021722729007402908,0.0017985552549361812,0.0,0.0,0.0
Tolokers,mlp,local_fallback,passed,/home/wge3/ms_thesis/.worktrees/gnn-repair/gcn_bezier_conn/runs/six-methods-20260929/analysis/Tolokers/mlp/report.json,0,,6,3,cd99180068f1c5f4105f5afb85efc9de5a841b921a5d9483e01c2defde928fc2,0.0,0.0,0.0,0.0,0.01716018219788869,0.00048723270495730037,0.0002516955137252623,8.476575215658293e-05,0.0,0.012102479736010233
Tolokers,graphsage,local_fallback,passed,/home/wge3/ms_thesis/.worktrees/gnn-repair/gcn_bezier_conn/runs/six-methods-20260929/analysis/Tolokers/graphsage/report.json,0,,6,3,1e6c6e4aef0828d1a75d0dd91561866720f7ee5a9d7408090e77258d0100be1e,5.960464477539063e-08,0.0,2.9802322387695312e-08,0.0,0.04162108898162842,0.0016180435816446719,0.0008943453431129456,0.003583731253941828,0.0014153515299161201,0.00605564812819163
Tolokers,gat,local_fallback,passed,/home/wge3/ms_thesis/.worktrees/gnn-repair/gcn_bezier_conn/runs/six-methods-20260929/analysis/Tolokers/gat/report.json,0,,6,3,34b503c5a350480ed8760e04a0de9fbe4747155290320a2b95f521191ccdb2b4,2.9802322387695312e-08,0.0,8.940696716308594e-08,0.0,0.09741164247194926,0.008261311550935124,0.0029021879037221345,0.0,0.0,0.0
